Year,,Total pop mean,Total pop std,Total pop LB,Total pop UB,,HEF,HEM,MSM,IDU-HEF,IDU-HEM,IDU-MSM,,HEF,HEM,MSM,IDU-HEF,IDU-HEM,IDU-MSM,,HEF,HEM,MSM,IDU-HEF,IDU-HEM,IDU-MSM,,HEF,HEM,MSM,IDU-HEF,IDU-HEM,IDU-MSM,,HEF,HEM,MSM,IDU-HEF,IDU-HEM,IDU-MSM,,HEF,HEM,MSM,IDU-HEF,IDU-HEM,IDU-MSM,,HEF,HEM,MSM,IDU-HEF,IDU-HEM,IDU-MSM,,HEF,HEM,MSM,IDU-HEF,IDU-HEM,IDU-MSM,,Actue-unaware,NonAcute-unaware,Aware-no-care,In-care-no-ART,ART-no-VLS,VLS,,Actue-unaware,NonAcute-unaware,Aware-no-care,In-care-no-ART,ART-no-VLS,VLS,,Actue-unaware,NonAcute-unaware,Aware-no-care,In-care-no-ART,ART-no-VLS,VLS,,Actue-unaware,NonAcute-unaware,Aware-no-care,In-care-no-ART,ART-no-VLS,VLS,,Actue-unaware,NonAcute-unaware,Aware-no-care,In-care-no-ART,ART-no-VLS,VLS,,Actue-unaware,NonAcute-unaware,Aware-no-care,In-care-no-ART,ART-no-VLS,VLS,,Actue-unaware,NonAcute-unaware,Aware-no-care,In-care-no-ART,ART-no-VLS,VLS,,Actue-unaware,NonAcute-unaware,Aware-no-care,In-care-no-ART,ART-no-VLS,VLS,,<=24,25~34,35~44,45~54,>=55,,<=24,25~34,35~44,45~54,>=55,,<=24,25~34,35~44,45~54,>=55,,<=24,25~34,35~44,45~54,>=55,,<=24,25~34,35~44,45~54,>=55,,<=24,25~34,35~44,45~54,>=55,,<=24,25~34,35~44,45~54,>=55,,<=24,25~34,35~44,45~54,>=55
0,number of PLWH,18656.46,192.001916,18618.82762,18694.09238,mean # of PLWH by sex,[3500.76,1685.55,9701.76,1046.73,1837.4,884.26],standard deviation on # of PLWH by sex,[66.07022893493824,49.44752856,167.1749292,44.132229,76.23925657,33.022679687411404],lower bound confidence interval on # of PLWH by sex,[3487.8102351287525,1675.858284,9668.993714,1038.080083,1822.457106,877.7875547812673],upper bound confidence interval on # of PLWH by sex,[3513.709764871248,1695.241716,9734.526286,1055.379917,1852.342894,890.7324452187327],mean % of PLWH by sex,[0.18764427021198082,0.090347554,0.520031488,0.056105914,0.098477334,0.047393439419751326],standard deviation on % of PLWH by sex,[0.003025668283718864,0.002509724,0.007864733,0.002306682,0.003729038,0.0015990256481449],lower bound confidence interval on % of PLWH by sex,[0.1870512392283719,0.089855649,0.51849,0.055653805,0.097746442,0.047080030392714925],upper bound confidence interval on % of PLWH by sex,[0.18823730119558973,0.09083946,0.521572975,0.056558024,0.099208225,0.04770684844678773],mean # of PLWH by care continuum,[469.56,3214.07,7457.84,2821.17,1167.77,3526.05],standard deviation on # of PLWH by care continuum,[23.481056194302674,35.81299775,76.65727479,42.73575254,30.31912921,35.62724385986804],lower bound confidence interval on # of PLWH by care continuum,[464.95771298591666,3207.050652,7442.815174,2812.793793,1161.827451,3519.067060203466],upper bound confidence interval on # of PLWH by care continuum,[474.16228701408335,3221.089348,7472.864826,2829.546207,1173.712549,3533.0329397965343],mean % of PLWH by care continuum,[0.025167082212898442,0.17227886,0.399747963,0.151215601,0.062591178,0.1889993172459001],standard deviation on % of PLWH by care continuum,[0.001193871677480839,0.001165883,0.0013383,0.001570407,0.001397317,1.7870187520942668E-4],lower bound confidence interval on % of PLWH by care continuum,[0.024933083364112197,0.172050347,0.399485656,0.150907801,0.062317303,0.18896429167835907],upper bound confidence interval on % of PLWH by care continuum,[0.025401081061684688,0.172507373,0.400010269,0.1515234,0.062865052,0.18903434281344114],mean # of PLWH by age,[1884.85,3004.18,5196.95,4102.65,4467.83],standard deviation on # of PLWH by age,[19.357547532284308,30.92590689,83.72699443,81.4444565,42.520358760138755],lower bound confidence interval on # of PLWH by age,[1881.0559206836722,2998.118522,5180.539509,4086.686887,4459.496009683013],upper bound confidence interval on # of PLWH by age,[1888.6440793163276,3010.241478,5213.360491,4118.613113,4476.163990316987],mean % of PLWH by age,[0.10102937217681303,0.161026257,0.27855237,0.21989558,0.23949642138681487],standard deviation on % of PLWH by age,[1.603690091604709E-5,1.64E-05,0.002711986,0.003124014,0.002742027072289906],lower bound confidence interval on % of PLWH by age,[0.10102622894423348,0.161023042,0.27802082,0.219283273,0.23895898408064606],upper bound confidence interval on % of PLWH by age,[0.10103251540939258,0.161029473,0.279083919,0.220507886,0.2400338586929837]
1,number of PLWH,19312.54,202.5188566,19272.8463,19352.2337,mean # of PLWH by sex,[3616.81,1731.58,10142.42,1057.52,1852.81,911.4],standard deviation on # of PLWH by sex,[70.19852008569853,51.62866246,177.8053742,44.71740221,77.05877266,33.44224631187084],lower bound confidence interval on # of PLWH by sex,[3603.051090063203,1721.460782,10107.57015,1048.755389,1837.706481,904.8453197228733],upper bound confidence interval on # of PLWH by sex,[3630.568909936797,1741.699218,10177.26985,1066.284611,1867.913519,917.9546802771266],mean % of PLWH by sex,[0.18727857000342982,0.089661577,0.525180332,0.054758663,0.095931315,0.047189543533735404],standard deviation on % of PLWH by sex,[0.0031008548500117954,0.002525369,0.007881479,0.002257191,0.003679375,0.0015858552981799982],lower bound confidence interval on % of PLWH by sex,[0.1866708024528275,0.089166605,0.523635562,0.054316253,0.095210157,0.046878715895292127],upper bound confidence interval on % of PLWH by sex,[0.18788633755403214,0.090156549,0.526725102,0.055201072,0.096652472,0.04750037117217868],mean # of PLWH by care continuum,[435.13,3368.49,7736.17,2919.1,1199.78,3653.87],standard deviation on # of PLWH by care continuum,[23.244703969426293,38.04290374,79.67928834,45.56015005,29.866227,37.863031995855685],lower bound confidence interval on # of PLWH by care continuum,[430.57403802199246,3361.033591,7720.552859,2910.170211,1193.92622,3646.448845728812],upper bound confidence interval on # of PLWH by care continuum,[439.6859619780075,3375.946409,7751.787141,2928.029789,1205.63378,3661.2911542711877],mean % of PLWH by care continuum,[0.022529659445115095,0.174421369,0.400581718,0.151149254,0.06212093,0.18919706969075809],standard deviation on % of PLWH by care continuum,[0.0011561282478627886,0.001036927,0.001662125,0.001633213,0.001235528,1.5860757357936747E-4],lower bound confidence interval on % of PLWH by care continuum,[0.022303058308533987,0.174218131,0.400255941,0.150829144,0.061878766,0.18916598260633652],upper bound confidence interval on % of PLWH by care continuum,[0.022756260581696202,0.174624607,0.400907495,0.151469364,0.062363093,0.18922815677517965],mean # of PLWH by age,[1846.54,3134.49,5193.27,4520.75,4617.49],standard deviation on # of PLWH by age,[26.100203180446805,37.56462311,79.47273912,83.29470317,46.5008949626051],lower bound confidence interval on # of PLWH by age,[1841.4243601766325,3127.127334,5177.693343,4504.424238,4608.37582458733],upper bound confidence interval on # of PLWH by age,[1851.6556398233674,3141.852666,5208.846657,4537.075762,4626.60417541267],mean % of PLWH by age,[0.095612122404759,0.162304928,0.268900454,0.23407263,0.23910986610848972],standard deviation on % of PLWH by age,[7.396977706807579E-4,0.001184659,0.002356893,0.00271964,0.0027768709854430764],lower bound confidence interval on % of PLWH by age,[0.09546714164170557,0.162072735,0.268438503,0.23353958,0.2385655993953429],upper bound confidence interval on % of PLWH by age,[0.09575710316781243,0.162537121,0.269362405,0.234605679,0.23965413282163656]
2,number of PLWH,19927.91,214.4543037,19885.87696,19969.94304,mean # of PLWH by sex,[3724.51,1774.51,10560.44,1068.45,1862.88,937.12],standard deviation on # of PLWH by sex,[70.68345926835651,53.53927945,185.7923964,46.27462489,78.04185357,33.26061158229479],lower bound confidence interval on # of PLWH by sex,[3710.6560419834022,1764.016301,10524.02469,1059.380174,1847.583797,930.6009201298702],upper bound confidence interval on # of PLWH by sex,[3738.363958016598,1785.003699,10596.85531,1077.519826,1878.176203,943.6390798701298],mean % of PLWH by sex,[0.1868999951027329,0.089046658,0.529940143,0.053615814,0.093474383,0.047023007215440796],standard deviation on % of PLWH by sex,[0.002967997961564405,0.002517174,0.007908277,0.002253643,0.00361257,0.0015163019627033247],lower bound confidence interval on % of PLWH by sex,[0.18631826750226627,0.088553292,0.528390121,0.053174099,0.09276632,0.04672581203075094],upper bound confidence interval on % of PLWH by sex,[0.18748172270319952,0.089540024,0.531490165,0.054057528,0.094182447,0.04732020240013065],mean # of PLWH by care continuum,[432.15,3102.23,8569.6,2388.54,1194.37,4241.02],standard deviation on # of PLWH by care continuum,[21.823152842795192,35.47480398,91.75835635,25.52773101,31.48276906,45.66057911205775],lower bound confidence interval on # of PLWH by care continuum,[427.8726620428121,3095.276938,8551.615362,2383.536565,1188.199377,4232.070526494037],upper bound confidence interval on # of PLWH by care continuum,[436.42733795718783,3109.183062,8587.584638,2393.543435,1200.540623,4249.969473505964],mean % of PLWH by care continuum,[0.021684590695389524,0.155674313,0.430031949,0.119859245,0.059931649,0.21281825406155697],standard deviation on % of PLWH by care continuum,[0.0010477641405034987,9.47E-04,0.001208775,1.69E-04,0.00131408,2.6795809370830105E-4],lower bound confidence interval on % of PLWH by care continuum,[0.02147922892385084,0.155488705,0.429795029,0.119826088,0.059674089,0.21276573427519013],upper bound confidence interval on % of PLWH by care continuum,[0.02188995246692821,0.15585992,0.430268868,0.119892403,0.060189208,0.2128707738479238],mean # of PLWH by age,[1820.44,3289.63,5135.13,4907.6,4775.11],standard deviation on # of PLWH by age,[30.222514853009905,41.1625639,71.57543947,90.55072801,49.94762812742519],lower bound confidence interval on # of PLWH by age,[1814.51638708881,3281.562137,5121.101214,4889.852057,4765.320264887025],upper bound confidence interval on # of PLWH by age,[1826.36361291119,3297.697863,5149.158786,4925.347943,4784.899735112975],mean % of PLWH by age,[0.09134859233600377,0.165078866,0.257683382,0.246253841,0.23963531935068422],standard deviation on % of PLWH by age,[9.138001742861032E-4,0.001372622,0.002027748,0.002606348,0.0027202783967929193],lower bound confidence interval on % of PLWH by age,[0.0911694875018437,0.164809832,0.257285943,0.245742996,0.23910214478491282],upper bound confidence interval on % of PLWH by age,[0.09152769717016385,0.1653479,0.258080821,0.246764685,0.24016849391645562]
3,number of PLWH,20570.91,228.2651345,20526.17003,20615.64997,mean # of PLWH by sex,[3841.31,1820.47,10989.83,1079.21,1876.11,963.98],standard deviation on # of PLWH by sex,[75.16281250617479,55.74390486,194.8866573,46.44281702,80.67166213,33.479371004071794],lower bound confidence interval on # of PLWH by sex,[3826.5780887487895,1809.544195,10951.63222,1070.107208,1860.298354,957.418043283202],upper bound confidence interval on # of PLWH by sex,[3856.0419112512104,1831.395805,11028.02778,1088.312792,1891.921646,970.541956716798],mean % of PLWH by sex,[0.1867350722712728,0.088498113,0.534250706,0.052461914,0.091194615,0.04685957931333371],standard deviation on % of PLWH by sex,[0.003002595725853333,0.002556531,0.00801916,0.002159577,0.003598732,0.0014902534106353501],lower bound confidence interval on % of PLWH by sex,[0.18614656350900555,0.087997033,0.532678951,0.052038637,0.090489263,0.046567489644849185],upper bound confidence interval on % of PLWH by sex,[0.18732358103354008,0.088999193,0.535822462,0.052885191,0.091899966,0.04715166898181824],mean # of PLWH by care continuum,[428.89,3038.14,9039.56,1696.05,1526.17,4842.1],standard deviation on # of PLWH by care continuum,[20.002977051156435,35.55732887,99.71579006,19.25604982,28.07135749,53.43125480371007],lower bound confidence interval on # of PLWH by care continuum,[424.9694164979733,3031.170764,9020.015705,1692.275814,1520.668014,4831.627474058473],upper bound confidence interval on # of PLWH by care continuum,[432.81058350202665,3045.109236,9059.104295,1699.824186,1531.671986,4852.572525941528],mean % of PLWH by care continuum,[0.020847878972662756,0.14769306,0.43943498,0.082448874,0.074189124,0.23538608271491243],standard deviation on % of PLWH by care continuum,[9.121123031067375E-4,9.47E-04,6.94E-04,1.60E-04,9.75E-04,2.470378464830239E-4],lower bound confidence interval on % of PLWH by care continuum,[0.020669104961253834,0.147507381,0.439299052,0.082417484,0.073998065,0.23533766329700176],upper bound confidence interval on % of PLWH by care continuum,[0.021026652984071678,0.147878739,0.439570908,0.082480265,0.074380182,0.2354345021328231],mean # of PLWH by age,[1818.08,3427.71,5065.09,5256.95,5003.08],standard deviation on # of PLWH by age,[30.95767067686737,45.57717287,71.35090339,97.33679685,51.04853701442512],lower bound confidence interval on # of PLWH by age,[1812.012296547334,3418.776874,5051.105223,5237.871988,4993.074486745172],upper bound confidence interval on # of PLWH by age,[1824.1477034526658,3436.643126,5079.074777,5276.028012,5013.085513254828],mean % of PLWH by age,[0.08837887799659205,0.166631494,0.246224684,0.255537189,0.24322775431320004],standard deviation on % of PLWH by age,[9.495536921648843E-4,0.001528565,0.001979196,0.002533544,0.002623576027418821],lower bound confidence interval on % of PLWH by age,[0.08819276547292773,0.166331895,0.245836762,0.255040614,0.24271353341182594],upper bound confidence interval on % of PLWH by age,[0.08856499052025638,0.166931093,0.246612607,0.256033764,0.24374197521457414]
4,number of PLWH,21189.86,241.5006962,21142.52586,21237.19414,mean # of PLWH by sex,[3955.14,1863.36,11419.31,1088.46,1876.65,986.94],standard deviation on # of PLWH by sex,[75.96969358523398,55.42225786,202.4881937,48.3184763,82.6230793,33.86658911945309],lower bound confidence interval on # of PLWH by sex,[3940.249940057294,1852.497237,11379.62231,1078.989579,1860.455876,980.3021485325872],upper bound confidence interval on # of PLWH by sex,[3970.0300599427055,1874.222763,11458.99769,1097.930421,1892.844124,993.5778514674129],mean % of PLWH by sex,[0.18665384734825197,0.087937255,0.538913118,0.05136557,0.088555649,0.04657456057105546],standard deviation on % of PLWH by sex,[0.002968982695684494,0.00244831,0.007911715,0.002173461,0.00357265,0.0014628015041990277],lower bound confidence interval on % of PLWH by sex,[0.1860719267398978,0.087457386,0.537362422,0.050939572,0.08785541,0.046287851476232454],upper bound confidence interval on % of PLWH by sex,[0.18723576795660613,0.088417124,0.540463814,0.051791568,0.089255889,0.04686126966587847],mean # of PLWH by care continuum,[432.03,2995.78,10174.04,864.36,1273.36,5450.29],standard deviation on # of PLWH by care continuum,[22.413675028491614,38.09917415,116.6560965,9.808798359,19.80333611,61.26845959720337],lower bound confidence interval on # of PLWH by care continuum,[427.6369196944156,2988.312562,10151.17541,862.4374755,1269.478546,5438.281381918948],upper bound confidence interval on # of PLWH by care continuum,[436.42308030558434,3003.247438,10196.90459,866.2825245,1277.241454,5462.298618081052],mean % of PLWH by care continuum,[0.02038766916324265,0.141378729,0.480137326,0.040791387,0.060092122,0.2572127675204207],standard deviation on % of PLWH by care continuum,[0.0010140362528832912,9.21E-04,7.01E-04,1.14E-04,5.58E-04,2.6911468294015846E-4],lower bound confidence interval on % of PLWH by care continuum,[0.020188918057677523,0.141198279,0.479999914,0.040769017,0.059982761,0.25716002104256447],upper bound confidence interval on % of PLWH by care continuum,[0.020586420268807776,0.141559178,0.480274738,0.040813757,0.060201482,0.25726551399827696],mean # of PLWH by age,[1828.88,3527.88,5003.38,5561.17,5268.55],standard deviation on # of PLWH by age,[33.88610751957626,51.26486579,67.17559983,108.1636485,54.23301298074539],lower bound confidence interval on # of PLWH by age,[1822.2383229261632,3517.832086,4990.213582,5539.969925,5257.920329455774],upper bound confidence interval on # of PLWH by age,[1835.521677073837,3537.927914,5016.546418,5582.370075,5279.179670544227],mean % of PLWH by age,[0.08630645240169647,0.166489471,0.236124199,0.262427398,0.24865247960539358],standard deviation on % of PLWH by age,[0.0010510608821101867,0.001542327,0.002024252,0.002798028,0.002656993953354455],lower bound confidence interval on % of PLWH by age,[0.08610044446880288,0.166187175,0.235727445,0.261878985,0.24813170879053612],upper bound confidence interval on % of PLWH by age,[0.08651246033459006,0.166791767,0.236520952,0.262975812,0.24917325042025104]
5,number of PLWH,21742.66,248.1705678,21694.01857,21791.30143,mean # of PLWH by sex,[4053.09,1901.26,11806.5,1095.31,1873.76,1012.74],standard deviation on # of PLWH by sex,[79.86745269507476,57.36408971,212.858444,49.28841014,82.97755812,34.56588497406661],lower bound confidence interval on # of PLWH by sex,[4037.4359792717655,1890.016638,11764.77974,1085.649472,1857.496399,1005.965086545083],upper bound confidence interval on # of PLWH by sex,[4068.744020728235,1912.503362,11848.22026,1104.970528,1890.023601,1019.5149134549171],mean % of PLWH by sex,[0.18641351257621339,0.087443932,0.5430178,0.050375091,0.086171678,0.0465779864125584],standard deviation on % of PLWH by sex,[0.0030914384597404893,0.002448652,0.008043012,0.002172198,0.003512257,0.0014858102831690311],lower bound confidence interval on % of PLWH by sex,[0.18580759063810426,0.086963996,0.541441369,0.04994934,0.085483276,0.04628676759705727],upper bound confidence interval on % of PLWH by sex,[0.1870194345143225,0.087923868,0.54459423,0.050800842,0.086860081,0.04686920522805953],mean # of PLWH by care continuum,[386.13,3466.85,7444.93,795.93,1881.02,7767.8],standard deviation on # of PLWH by care continuum,[18.576435056111798,41.19119623,97.43283156,9.289132349,44.30312938,89.50751901151075],lower bound confidence interval on # of PLWH by care continuum,[382.48901872900205,3458.776526,7425.833165,794.1093301,1872.336587,7750.256526273744],upper bound confidence interval on # of PLWH by care continuum,[389.77098127099794,3474.923474,7464.026835,797.7506699,1889.703413,7785.343473726256],mean % of PLWH by care continuum,[0.017759741219289037,0.159450796,0.342408914,0.036606813,0.086513235,0.35726050110263263],standard deviation on % of PLWH by care continuum,[8.425838987442565E-4,8.90E-04,0.00180168,7.89E-05,0.001799586,3.1382588184063583E-4],lower bound confidence interval on % of PLWH by care continuum,[0.017594594775135163,0.159276407,0.342055785,0.03659135,0.086160516,0.3571989912297919],upper bound confidence interval on % of PLWH by care continuum,[0.017924887663442912,0.159625185,0.342762043,0.036622276,0.086865953,0.3573220109754734],mean # of PLWH by age,[1870.37,3563.5,4887.68,5832.18,5588.93],standard deviation on # of PLWH by age,[35.72500326922111,51.01564426,66.69255255,109.5208462,60.05910472697758],lower bound confidence interval on # of PLWH by age,[1863.3678993592325,3553.500934,4874.60826,5810.713914,5577.158415473513],upper bound confidence interval on # of PLWH by age,[1877.3721006407673,3573.499066,4900.75174,5853.646086,5600.701584526488],mean % of PLWH by age,[0.08602053723270489,0.163895688,0.22479824,0.268221108,0.2570644265388102],standard deviation on % of PLWH by age,[0.0011356404275240394,0.001556005,0.001864093,0.002740155,0.00264366674089727],lower bound confidence interval on % of PLWH by age,[0.08579795170891018,0.163590711,0.224432877,0.267684038,0.2565462678575943],upper bound confidence interval on % of PLWH by age,[0.0862431227564996,0.164200665,0.225163602,0.268758179,0.25758258522002603]
6,number of PLWH,22249.37,261.727812,22198.07135,22300.66865,mean # of PLWH by sex,[4143.39,1933.84,12170.17,1099.67,1866.69,1035.61],standard deviation on # of PLWH by sex,[83.5746681208795,57.59694857,218.4076466,49.21547244,85.20073683,34.75103224976551],lower bound confidence interval on # of PLWH by sex,[4127.009365048308,1922.550998,12127.3621,1090.023767,1849.990656,1028.798797679046],upper bound confidence interval on # of PLWH by sex,[4159.770634951693,1945.129002,12212.9779,1109.316233,1883.389344,1042.4212023209539],mean % of PLWH by sex,[0.18622622084863402,0.086916572,0.546997829,0.049423524,0.08389063,0.046545223878120885],standard deviation on % of PLWH by sex,[0.003119650382115312,0.002375454,0.007993811,0.002106654,0.00351296,0.0014545842428624004],lower bound confidence interval on % of PLWH by sex,[0.1856147693737394,0.086450983,0.545431043,0.04901062,0.08320209,0.046260125366519855],upper bound confidence interval on % of PLWH by sex,[0.18683767232352863,0.087382161,0.548564616,0.049836428,0.08457917,0.046830322389721915],mean # of PLWH by care continuum,[372.93,3452.43,6371.97,686.05,2720.14,8645.85],standard deviation on # of PLWH by care continuum,[20.823575896836577,42.03275659,90.6336231,8.873265942,68.64209917,100.31388868260598],lower bound confidence interval on # of PLWH by care continuum,[368.84857912422,3444.19158,6354.20581,684.3108399,2706.686149,8626.18847781821],upper bound confidence interval on # of PLWH by care continuum,[377.01142087578,3460.66842,6389.73419,687.7891601,2733.593851,8665.51152218179],mean % of PLWH by care continuum,[0.016759565206907124,0.155171928,0.286391545,0.030834456,0.122253018,0.3885894888348712],standard deviation on % of PLWH by care continuum,[8.813679251512972E-4,9.53E-04,0.002623096,1.41E-04,0.002544066,4.197418437571794E-4],lower bound confidence interval on % of PLWH by care continuum,[0.01658681709357747,0.154985085,0.285877418,0.030806787,0.121754381,0.3885072194334948],upper bound confidence interval on % of PLWH by care continuum,[0.01693231332023678,0.15535877,0.286905671,0.030862124,0.122751655,0.3886717582362476],mean # of PLWH by age,[1892.04,3601.57,4823.25,6067.38,5865.13],standard deviation on # of PLWH by age,[38.2883583330284,49.73449812,66.59850682,107.9547024,68.57873967457796],lower bound confidence interval on # of PLWH by age,[1884.5354817667264,3591.822038,4810.196693,6046.220878,5851.6885670237825],upper bound confidence interval on # of PLWH by age,[1899.5445182332735,3611.317962,4836.303307,6088.539122,5878.571432976218],mean % of PLWH by age,[0.08503405622820112,0.161875111,0.216783497,0.27268644,0.26362089554900064],standard deviation on % of PLWH by age,[0.0011360977102901869,0.001445955,0.00183211,0.002517647,0.002514411965930688],lower bound confidence interval on % of PLWH by age,[0.08481138107698424,0.161591704,0.216424404,0.272192981,0.2631280708036782],upper bound confidence interval on % of PLWH by age,[0.085256731379418,0.162158518,0.217142591,0.273179899,0.26411372029432306]
7,number of PLWH,22763.29,272.2051846,22709.93778,22816.64222,mean # of PLWH by sex,[4235.39,1964.63,12537.58,1104.87,1861.03,1059.79],standard deviation on # of PLWH by sex,[86.45836213946217,58.99489021,224.4552184,49.40691789,86.74395796,35.02013706426633],lower bound confidence interval on # of PLWH by sex,[4218.444161020666,1953.067002,12493.58678,1095.186244,1844.028184,1052.9260531354037],upper bound confidence interval on # of PLWH by sex,[4252.335838979335,1976.192998,12581.57322,1114.553756,1878.031816,1066.6539468645963],mean % of PLWH by sex,[0.18606417216209745,0.086306181,0.550790796,0.048535813,0.081747235,0.04655580227063383],standard deviation on % of PLWH by sex,[0.003189642654988046,0.002348691,0.008057006,0.002056294,0.003484955,0.0013987021957007854],lower bound confidence interval on % of PLWH by sex,[0.1854390022017198,0.085845838,0.549211623,0.04813278,0.081064184,0.046281656640276475],upper bound confidence interval on % of PLWH by sex,[0.1866893421224751,0.086766525,0.552369969,0.048938847,0.082430286,0.04682994790099118],mean # of PLWH by care continuum,[358.11,3411.27,6155.27,522.65,2794.35,9521.64],standard deviation on # of PLWH by care continuum,[17.96792596924764,43.13962649,81.04916266,21.26141999,35.10140433,113.40403498780434],lower bound confidence interval on # of PLWH by care continuum,[354.5882865100275,3402.814633,6139.384364,518.4827617,2787.470125,9499.41280914239],upper bound confidence interval on # of PLWH by care continuum,[361.6317134899725,3419.725367,6171.155636,526.8172383,2801.229875,9543.867190857609],mean % of PLWH by care continuum,[0.01573178654868433,0.14985986,0.270401622,0.022960613,0.122756416,0.41828970278767613],standard deviation on % of PLWH by care continuum,[7.651610311173868E-4,9.10E-04,0.001127966,9.03E-04,3.37E-04,4.014297582787026E-4],lower bound confidence interval on % of PLWH by care continuum,[0.015581814986585323,0.149681511,0.270180541,0.022783552,0.122690297,0.4182110225550535],upper bound confidence interval on % of PLWH by care continuum,[0.01588175811078334,0.150038208,0.270622704,0.023137674,0.122822535,0.4183683830202988],mean # of PLWH by age,[1893.53,3630.21,4738.01,6282.26,6219.28],standard deviation on # of PLWH by age,[40.40388395171729,53.63123148,64.94838588,114.1152722,74.75604499053078],lower bound confidence interval on # of PLWH by age,[1885.6108387454633,3619.698279,4725.280116,6259.893407,6204.627815181856],upper bound confidence interval on # of PLWH by age,[1901.4491612545366,3640.721721,4750.739884,6304.626593,6233.9321848181435],mean % of PLWH by age,[0.08317928279724325,0.15947793,0.208146179,0.275969776,0.27322683209742094],standard deviation on % of PLWH by age,[0.0012035940473603115,0.001537534,0.001860352,0.002704381,0.0025458592254036794],lower bound confidence interval on % of PLWH by age,[0.08294337836396062,0.159176573,0.20778155,0.275439717,0.2727278436892418],upper bound confidence interval on % of PLWH by age,[0.08341518723052588,0.159779287,0.208510808,0.276499834,0.27372582050560007]
8,number of PLWH,23232.92,286.073194,23176.84965,23288.99035,mean # of PLWH by sex,[4317.82,1989.38,12883.38,1107.55,1853.56,1081.23],standard deviation on # of PLWH by sex,[91.06478768193311,61.27299074,234.6221454,49.3604297,88.35137837,36.977704175091866],lower bound confidence interval on # of PLWH by sex,[4299.9713016143405,1977.370494,12837.39406,1097.875356,1836.24313,1073.982369981682],upper bound confidence interval on # of PLWH by sex,[4335.668698385659,2001.389506,12929.36594,1117.224644,1870.87687,1088.477630018318],mean % of PLWH by sex,[0.1858510048049639,0.085625948,0.554541547,0.047670522,0.079773858,0.046537120210496365],standard deviation on % of PLWH by sex,[0.0032840836025795914,0.002355996,0.008164476,0.002017449,0.00349796,0.0014365237910800195],lower bound confidence interval on % of PLWH by sex,[0.1852073244188583,0.085164173,0.55294131,0.047275102,0.079088258,0.04625556154744468],upper bound confidence interval on % of PLWH by sex,[0.1864946851910695,0.086087723,0.556141784,0.048065942,0.080459458,0.04681867887354805],mean # of PLWH by care continuum,[345.24,3382.46,5686.38,0,3141.13,10677.71],standard deviation on # of PLWH by care continuum,[22.692552064320996,41.65913144,77.7615859,0,40.01834302,130.28347453677208],lower bound confidence interval on # of PLWH by care continuum,[340.7922597953931,3374.29481,5671.138729,0,3133.286405,10652.174438990793],upper bound confidence interval on # of PLWH by care continuum,[349.68774020460694,3390.62519,5701.621271,0,3148.973595,10703.245561009206],mean % of PLWH by care continuum,[0.014858070944259718,0.145591755,0.244752716,0,0.135202641,0.4595948165593022],standard deviation on % of PLWH by care continuum,[9.283871990845065E-4,8.83E-04,9.20E-04,0,6.74E-04,4.486816268323644E-4],lower bound confidence interval on % of PLWH by care continuum,[0.014676107053239155,0.145418724,0.244572399,0,0.135070597,0.459506874960443],upper bound confidence interval on % of PLWH by care continuum,[0.015040034835280281,0.145764787,0.244933034,0,0.135334684,0.45968275815816134],mean # of PLWH by age,[1866.47,3657.99,4695.28,6351.52,6661.66],standard deviation on # of PLWH by age,[39.96145996867835,55.42954305,70.96820742,111.6215178,83.63451271557524],lower bound confidence interval on # of PLWH by age,[1858.637553846139,3647.12581,4681.370231,6329.642183,6645.267635507747],upper bound confidence interval on # of PLWH by age,[1874.302446153861,3668.85419,4709.189769,6373.397817,6678.052364492252],mean % of PLWH by age,[0.08033252225022172,0.157450514,0.202097231,0.273375477,0.28674425602641096],standard deviation on % of PLWH by age,[0.0010914700177401262,0.001599547,0.001908862,0.002584208,0.002588385228513474],lower bound confidence interval on % of PLWH by age,[0.08011859412674466,0.157137003,0.201723094,0.272868972,0.2862369325216223],upper bound confidence interval on % of PLWH by age,[0.08054645037369879,0.157764025,0.202471368,0.273881982,0.2872515795311996]
9,number of PLWH,23528.6,293.0118762,23471.16967,23586.03033,mean # of PLWH by sex,[4369.07,1999.03,13136.28,1098.93,1827.3,1097.99],standard deviation on # of PLWH by sex,[92.82156826596679,61.83285632,241.9265303,51.64452214,87.4859296,37.51269010870746],lower bound confidence interval on # of PLWH by sex,[4350.87697261987,1986.91076,13088.8624,1088.807674,1810.152758,1090.6375127386934],upper bound confidence interval on # of PLWH by sex,[4387.26302738013,2011.14924,13183.6976,1109.052326,1844.447242,1105.3424872613066],mean % of PLWH by sex,[0.18569514103720494,0.084959325,0.558320447,0.046704776,0.077655131,0.04666517969259873],standard deviation on % of PLWH by sex,[0.003381545982175878,0.002321058,0.008223387,0.002085673,0.003414297,0.0014548083012234047],lower bound confidence interval on % of PLWH by sex,[0.18503235802469847,0.084504398,0.556708664,0.046295984,0.076985929,0.04638003726555894],upper bound confidence interval on % of PLWH by sex,[0.1863579240497114,0.085414252,0.559932231,0.047113568,0.078324333,0.04695032211963852],mean # of PLWH by care continuum,[330.66,3332.63,5480.54,0,2852.95,11531.82],standard deviation on # of PLWH by care continuum,[19.09477690496815,42.24953649,71.52303013,0,37.36453647,143.48908943846146],lower bound confidence interval on # of PLWH by care continuum,[326.9174237266263,3324.349091,5466.521486,0,2845.626551,11503.69613847006],upper bound confidence interval on # of PLWH by care continuum,[334.40257627337377,3340.910909,5494.558514,0,2860.273449,11559.943861529939],mean % of PLWH by care continuum,[0.014052256423455393,0.141643587,0.232930313,0,0.12125428,0.4901195632405354],standard deviation on % of PLWH by care continuum,[7.699602902184412E-4,8.11E-04,7.13E-04,0,4.18E-04,4.8484642440129334E-4],lower bound confidence interval on % of PLWH by care continuum,[0.013901344206572578,0.14148463,0.232790585,0,0.121172415,0.49002453334135276],upper bound confidence interval on % of PLWH by care continuum,[0.014203168640338208,0.141802543,0.233070042,0,0.121336146,0.49021459313971805],mean # of PLWH by age,[1820.41,3676.33,4675.8,6337.41,7018.65],standard deviation on # of PLWH by age,[39.35441012084409,58.78037448,71.1758386,105.2454654,88.18236097927286],lower bound confidence interval on # of PLWH by age,[1812.6965356163146,3664.809047,4661.849536,6316.781889,7001.3662572480625],upper bound confidence interval on # of PLWH by age,[1828.1234643836856,3687.850953,4689.750464,6358.038111,7035.933742751937],mean % of PLWH by age,[0.0773653277692379,0.156249378,0.198728064,0.26934433,0.29831290100599245],standard deviation on % of PLWH by age,[0.0010563949947260682,0.001566434,0.001702285,0.002458231,0.002515530687724694],lower bound confidence interval on % of PLWH by age,[0.07715827435027159,0.155942357,0.198394416,0.268862517,0.2978198569911984],upper bound confidence interval on % of PLWH by age,[0.0775723811882042,0.156556399,0.199061711,0.269826143,0.2988059450207865]
10,number of PLWH,23863.61,301.890036,23804.43955,23922.78045,mean # of PLWH by sex,[4426.31,2013.21,13407.04,1094.22,1808.68,1114.15],standard deviation on # of PLWH by sex,[95.82040176256513,61.94446764,253.4534771,51.5294522,87.01176978,38.988310861569566],lower bound confidence interval on # of PLWH by sex,[4407.529201254538,2001.068884,13357.36312,1084.120227,1791.625693,1106.5082910711324],upper bound confidence interval on # of PLWH by sex,[4445.090798745463,2025.351116,13456.71688,1104.319773,1825.734307,1121.7917089288678],mean % of PLWH by sex,[0.18548727161781084,0.08436266,0.561826917,0.045851287,0.075784668,0.046687195622182216],standard deviation on % of PLWH by sex,[0.0034584070284621213,0.002350666,0.00839718,0.00203967,0.003345673,0.001493931128913895],lower bound confidence interval on % of PLWH by sex,[0.18480942384023227,0.083901929,0.56018107,0.045451512,0.075128916,0.046394385120915094],upper bound confidence interval on % of PLWH by sex,[0.1861651193953894,0.084823391,0.563472765,0.046251063,0.07644042,0.04698000612344934],mean # of PLWH by care continuum,[317.09,3251.7,5411.89,0,2709.69,12173.24],standard deviation on # of PLWH by care continuum,[20.21555306833295,42.7370395,71.96321942,0,36.47489658,152.82419555644566],lower bound confidence interval on # of PLWH by care continuum,[313.1277515986067,3243.32354,5397.785209,0,2702.54092,12143.286457670936],upper bound confidence interval on # of PLWH by care continuum,[321.05224840139323,3260.07646,5425.994791,0,2716.83908,12203.193542329063],mean % of PLWH by care continuum,[0.01328640415953007,0.136263782,0.226783315,0,0.113548401,0.5101180981604732],standard deviation on % of PLWH by care continuum,[8.104017260893216E-4,8.73E-04,6.73E-04,0,3.57E-04,4.4448919439577005E-4],lower bound confidence interval on % of PLWH by care continuum,[0.013127565421216562,0.136092646,0.226651389,0,0.113478332,0.5100309782783716],upper bound confidence interval on % of PLWH by care continuum,[0.013445242897843577,0.136434919,0.22691524,0,0.113618469,0.5102052180425747],mean # of PLWH by age,[1757.86,3707.4,4656.96,6247.94,7493.45],standard deviation on # of PLWH by age,[36.67190596176707,60.44030363,71.49258915,101.3964935,97.73891990730438],lower bound confidence interval on # of PLWH by age,[1750.6723064314936,3695.5537,4642.947453,6228.066287,7474.293171698168],upper bound confidence interval on # of PLWH by age,[1765.0476935685062,3719.2463,4670.972547,6267.813713,7512.606828301831],mean % of PLWH by age,[0.07365908877384066,0.155356717,0.195148562,0.261815891,0.31401974184516473],standard deviation on % of PLWH by age,[9.689432681201219E-4,0.001486792,0.001638604,0.002342972,0.0024950816572508936],lower bound confidence interval on % of PLWH by age,[0.07346917589328911,0.155065306,0.194827395,0.261356669,0.31353070584034354],upper bound confidence interval on % of PLWH by age,[0.0738490016543922,0.155648128,0.195469728,0.262275114,0.31450877784998593]
,,,,,,,,,,,,,,,,,,,,,,,,,,,,,,,,,,,18.5%,8.4%,56.2%,4.6%,7.6%,4.7%,,,,,,,,,,,,,,,,,,,,,,,,,,,,,,,,,,,,,,,,,,,,,,,,,,,1.3%,13.6%,22.7%,0.0%,11.4%,51.0%,,,,,,,,,,,,,,,,,,,,,,,,,,,,,,,,,,,,,,,,,,,,,,,7.4%,15.5%,19.5%,26.2%,31.4%,,,,,,,,,,,,,,,,,,
